image,age_deepface,gender_deepface,race_deepface,emotion_deepface,face_confidence_deepface,gender_Woman,gender_Man,race_asian,race_indian,race_black,race_white,race_middle eastern,race_latino hispanic,emotion_angry,emotion_disgust,emotion_fear,emotion_happy,emotion_sad,emotion_surprise,emotion_neutral
professional athlete_40 years old_31.png,35,Man,latino hispanic,angry,1.0,0.0004708232,99.999535,1.514854,4.483553,1.0466446,30.596947,23.12602,39.23198,46.620663,0.12568626,1.2038519,2.6968708,14.868257,0.004292239,34.480377
professional athlete_40 years old_41.png,40,Man,white,neutral,1.0,0.0012571169,99.99875,0.004882438,0.005281299,0.00033336555,96.73121,2.041737,1.2165549,0.5627299,5.7942393e-09,0.04869991,0.009007847,2.787723,1.976255e-05,96.59183
professional athlete_40 years old_14.png,34,Man,white,neutral,1.0,0.0038211907,99.99617,0.066999376,0.22505584,0.016720932,72.98477,7.5177994,19.188658,1.7548589,6.932731e-09,0.0014570025,0.039652016,3.1246352,3.6379962e-08,95.0794
professional athlete_40 years old_27.png,41,Man,white,sad,1.0,0.00088491745,99.999115,2.4791696,7.796579,3.079087,33.962696,28.852562,23.829908,27.820242,1.844258e-05,0.6165835,0.029977603,40.879684,6.0462015e-05,30.653435
professional athlete_40 years old_32.png,38,Man,white,neutral,1.0,0.008274929,99.99173,0.021104272,0.0968711,0.1323183,85.18826,6.646075,7.9153705,5.245658,1.4730175e-06,0.065223515,0.6215109,9.848912,2.2052647e-05,84.21867
professional athlete_40 years old_47.png,39,Man,middle eastern,happy,1.0,8.7461936e-05,99.999916,1.9489248,8.822272,6.075515,21.753384,34.672844,26.72706,3.1620634,1.4919073e-06,0.0003702644,63.75636,0.19262624,0.00011422324,32.888462
professional athlete_40 years old_18.png,39,Man,white,neutral,1.0,0.00015102001,99.99985,1.4422272,4.30086,1.5711492,42.80451,27.881516,21.999744,6.650885,0.0010941025,0.067634866,0.47455648,4.2510324,0.0012088203,88.55359
professional athlete_40 years old_43.png,44,Man,white,neutral,1.0,0.0005002679,99.9995,0.21114077,1.1859131,0.55579716,61.983498,17.98639,18.077269,22.859972,3.0254654e-09,0.0003871928,0.8205002,0.09429811,1.0750514e-05,76.22484
professional athlete_40 years old_28.png,48,Man,white,sad,1.0,0.00013911317,99.999855,0.23083155,2.4184291,0.32572636,53.23271,36.633904,7.158394,15.75794,0.0011700132,1.2912679,0.002589616,63.005295,0.002028856,19.939703
professional athlete_40 years old_44.png,45,Man,white,sad,1.0,0.0012882937,99.99871,0.6679699,2.2569213,1.2871859,47.761543,29.561073,18.465313,31.156416,0.00013564853,0.5580044,0.12233765,43.069958,0.00033906524,25.092806
professional athlete_40 years old_11.png,43,Man,white,angry,1.0,0.0017437467,99.99826,2.7462084,4.7674217,4.5660024,56.526142,17.747686,13.646539,42.02586,1.1947687e-06,0.0056494884,1.1332602e-05,23.703434,1.1009344e-07,34.265053
professional athlete_40 years old_5.png,36,Man,indian,neutral,1.0,0.0024985762,99.9975,2.1556284,29.800081,20.307787,10.734562,23.13346,13.868484,0.31243917,9.8820125e-09,4.020088e-06,0.00205332,3.8264902,1.6847105e-08,95.85901
professional athlete_40 years old_45.png,45,Man,latino hispanic,neutral,1.0,0.00047223517,99.99953,7.3937216,13.909536,7.547482,18.681154,19.21713,33.250977,14.143141,2.827766e-05,0.004548881,0.067743324,2.9789221,0.00062078214,82.80499
professional athlete_40 years old_46.png,33,Man,white,neutral,1.0,0.00030500983,99.99969,0.10232051,0.88925695,0.2105078,54.259495,24.590977,19.947447,4.4846797,0.03313458,8.177912,0.9801142,34.49167,0.02115197,51.811337
professional athlete_40 years old_29.png,49,Man,middle eastern,neutral,1.0,0.00084610493,99.99915,0.08235082,4.4427795,0.39704055,8.606884,80.49832,5.9726243,19.53794,8.527904e-08,3.6036472e-05,0.013845676,0.52420586,2.7899816e-06,79.92397
professional athlete_40 years old_39.png,42,Man,latino hispanic,neutral,1.0,0.00081540964,99.99919,4.902332,8.225697,4.9670377,27.81243,23.743866,30.348642,47.77891,2.7483318e-09,0.00246838,0.023698479,2.7610571,6.8617715e-07,49.43387
professional athlete_40 years old_4.png,38,Man,white,neutral,1.0,0.0013828032,99.99862,0.08215367,0.30546492,1.229991,75.97321,7.8940897,14.515088,0.70179844,0.00037618552,0.08123775,0.013453302,9.820375,8.104254e-06,89.38276
professional athlete_40 years old_6.png,36,Man,white,neutral,1.0,0.0009019852,99.99909,0.7050356,1.459478,0.5067803,54.22505,26.368675,16.734978,10.001354,3.8842623e-05,0.003980879,0.03973155,6.0829663,0.00040681008,83.87152
professional athlete_40 years old_38.png,37,Man,white,neutral,1.0,0.040736467,99.95926,4.284083,4.913974,1.760743,36.15195,27.71867,25.170576,8.434472,0.0006412744,1.9483635,8.008288,13.9212,0.044517748,67.642525
professional athlete_40 years old_49.png,35,Man,middle eastern,neutral,1.0,0.0016855864,99.99832,3.395339,8.746348,13.209224,22.310902,30.410143,21.92805,21.419703,8.765144e-05,0.0929163,0.029652314,13.688608,0.001245021,64.76779
professional athlete_40 years old_42.png,35,Man,latino hispanic,neutral,1.0,0.0002690546,99.999725,2.4295359,6.111447,4.958407,29.459242,19.921062,37.120304,0.10871614,5.0577813e-11,6.1356666e-05,0.40892977,0.15208545,3.0098522e-07,99.33021
professional athlete_40 years old_34.png,48,Man,middle eastern,neutral,1.0,0.0001060162,99.99989,0.96177113,10.979585,10.258786,11.84781,50.15706,15.794992,3.6759028,6.444534e-07,0.0001517232,0.08460266,1.4468904,2.369453e-05,94.79243
professional athlete_40 years old_12.png,40,Man,white,happy,1.0,0.0050732982,99.99492,0.8514899,2.286086,4.5799847,47.920704,17.623182,26.738556,0.00044707002,1.886967e-07,0.031856004,92.60138,0.0054152748,0.010149206,7.350748
professional athlete_40 years old_40.png,33,Man,latino hispanic,neutral,1.0,0.0013681459,99.99863,4.6934934,7.0980315,35.301243,8.072154,5.4256587,39.409428,0.21920681,1.5540322e-10,0.00023654237,0.0010743215,0.82829386,5.1681327e-06,98.95117
professional athlete_40 years old_23.png,37,Man,indian,angry,1.0,0.005522188,99.994484,4.8454685,21.759075,20.892153,12.97518,19.845644,19.682476,45.65291,0.067102194,4.1228676,0.0739386,34.53488,0.059845846,15.488455
professional athlete_40 years old_25.png,41,Man,white,neutral,1.0,0.0011470693,99.998856,7.3386087,4.4566402,16.57897,35.75015,10.896258,24.979374,18.32617,2.569208e-07,0.015121087,0.035238847,6.5364347,6.215466e-05,75.08697
professional athlete_40 years old_33.png,36,Man,white,neutral,1.0,0.001197198,99.99881,1.5216237,5.599156,3.5171287,36.130913,28.461178,24.770006,6.971243,8.014087e-06,0.0733956,0.01181368,35.63499,4.5106055e-05,57.308506
professional athlete_40 years old_36.png,46,Man,middle eastern,neutral,1.0,0.00022691578,99.99977,2.322359,7.2527995,1.2976608,30.359852,32.58425,26.183077,13.272747,4.3026675e-06,0.009679945,0.5702917,6.2698956,0.00041707096,79.87697
professional athlete_40 years old_9.png,35,Man,white,neutral,1.0,7.030782e-05,99.99993,0.00442561,0.122992076,0.32766342,79.00247,12.249383,8.293054,2.1217247e-05,4.8038404e-16,4.69777e-09,0.00096706033,4.099931e-05,2.5516211e-09,99.99898
professional athlete_40 years old_8.png,38,Man,black,neutral,1.0,0.0007025606,99.9993,3.7059176,6.16573,27.043432,19.143047,19.714142,24.227726,28.620281,2.912003e-07,0.035919387,0.019456884,0.46839356,0.07775358,70.77819
professional athlete_40 years old_16.png,46,Man,white,sad,1.0,5.6512137e-05,99.99994,1.669776,5.336217,7.830692,32.59629,25.45826,27.108757,24.804127,7.493399e-05,0.10974854,0.033151165,42.454033,9.695894e-05,32.598774
professional athlete_40 years old_1.png,36,Man,latino hispanic,neutral,1.0,1.449662e-05,99.999985,1.0229491,2.7295618,27.728197,22.309206,7.190157,39.01993,32.780533,0.00010179032,0.39770776,0.4207389,5.2044473,0.000508256,61.195965
professional athlete_40 years old_17.png,34,Man,white,neutral,1.0,0.00036032544,99.99964,0.98794204,3.005812,0.69405806,49.639317,21.950747,23.722126,19.875378,0.0020722356,0.09572135,0.35658866,6.2210016,0.00045088358,73.44879
professional athlete_40 years old_19.png,41,Man,white,neutral,1.0,0.00084705435,99.99915,0.0010166588,0.024083182,0.00048392682,90.47453,7.5221567,1.9777318,1.5077677,3.150203e-09,0.0010455237,4.3594055e-06,2.9975102,2.4499338e-09,95.493675
professional athlete_40 years old_26.png,47,Man,middle eastern,angry,1.0,6.918704e-05,99.99993,0.05994349,9.464323,1.0033582,15.056637,66.70626,7.709481,99.54107,2.0668516e-07,0.17850713,0.0072167953,0.14661188,7.818104e-07,0.12658359
professional athlete_40 years old_21.png,38,Man,black,neutral,1.0,9.678522e-05,99.99991,1.6711369,8.357449,29.136871,12.430959,23.573408,24.830173,3.0633166,1.6714832e-05,0.073560804,0.05219959,2.5699558,0.025280258,94.215675
professional athlete_40 years old_2.png,43,Man,white,neutral,1.0,0.0015814895,99.99841,2.268343,9.269996,17.265755,25.9761,23.378824,21.840977,4.44721,1.650747e-08,0.007620296,0.19521566,1.1336654,4.5991515e-06,94.21628
professional athlete_40 years old_30.png,35,Man,black,neutral,1.0,0.00053341244,99.999466,2.0389748,16.08511,50.8633,3.7380908,12.310271,14.9642515,28.724325,0.00074151857,0.20980331,0.0041760434,14.739762,0.00014065397,56.321056
professional athlete_40 years old_15.png,39,Man,white,neutral,1.0,0.00082219066,99.999176,7.843081,8.218194,3.3870003,29.873203,21.647577,29.03094,8.296834,1.2337316e-06,0.043117605,0.006463407,5.251031,0.0023761203,86.400185
professional athlete_40 years old_3.png,45,Man,white,angry,1.0,0.000729917,99.999275,0.12241029,1.2567017,0.14692883,62.36201,23.842283,12.269672,86.21676,0.025505625,6.9689217,0.06594311,2.204683,1.9968681,2.5213218
professional athlete_40 years old_24.png,45,Man,middle eastern,neutral,1.0,2.7997537e-05,99.99998,0.9991175,11.16545,2.6552327,15.376078,47.916225,21.887892,18.844091,1.7327369e-06,0.087740906,0.008834945,13.643197,4.2278894e-05,67.4161
professional athlete_40 years old_35.png,35,Man,middle eastern,angry,1.0,0.0054619485,99.99454,3.1894624,9.328138,2.5225708,28.117016,35.9364,20.906416,57.175426,0.00076875987,0.42420495,0.00023665917,28.328287,6.448114e-05,14.071009
professional athlete_40 years old_13.png,36,Man,white,neutral,1.0,0.0041969414,99.995804,0.08627699,0.39233878,0.09226879,75.60718,11.234265,12.587677,8.911958,2.8924522e-11,0.00015467005,0.008984862,3.2489867,8.5633864e-09,87.82992
professional athlete_40 years old_48.png,34,Man,white,happy,1.0,0.0037736138,99.99622,2.0786738e-05,6.161051e-05,1.2410807e-06,99.83366,0.11758281,0.048680123,34.919605,2.8622915e-05,0.34026054,49.40803,2.1149359,0.069250956,13.147894
professional athlete_40 years old_22.png,44,Man,white,neutral,1.0,0.0005447232,99.99945,0.3664105,2.7939873,1.2814239,46.540417,27.890368,21.127394,16.578053,1.13629504e-07,0.0007058513,15.188874,0.29809788,7.2391194e-05,67.934204
professional athlete_40 years old_10.png,33,Man,white,neutral,1.0,0.0012847271,99.99871,0.0012757165,0.021480693,0.0033108566,90.46483,4.7272573,4.781846,0.00024801464,2.2784046e-14,8.009919e-08,2.9555945,3.376405e-05,8.7503904e-05,97.04404
professional athlete_40 years old_37.png,43,Man,black,neutral,1.0,7.9274534e-05,99.999916,3.1516347,25.250864,36.773174,4.63173,12.551763,17.64084,25.504566,3.993516e-06,0.0015073013,8.0362755e-05,10.36676,1.8849819e-07,64.12709
professional athlete_40 years old_20.png,46,Man,white,neutral,1.0,0.00059112033,99.999405,6.2828474,5.1933775,2.4066648,42.882343,25.608963,17.625803,1.1301519,3.0016758e-05,0.047742862,0.22170512,8.366206,3.090097e-05,90.23414
professional athlete_40 years old_7.png,41,Man,middle eastern,sad,1.0,0.0076367897,99.992355,0.04115961,1.0565563,0.058405116,35.40009,53.47942,9.964376,27.416447,0.37121177,2.8007016,9.8722925,33.09632,0.010710952,26.432323
professional athlete_40 years old_0.png,44,Man,white,neutral,0.98,0.038732436,99.96127,0.02232949,0.18735662,0.015439642,80.59581,13.39645,5.7826157,3.6447558,1.1912168e-08,0.0024745627,0.12914328,0.50908697,0.0038425114,95.71069
