source,gender,age,race,model
gender,,0.43990574688118855,0.04639702564755375,Stablexl1.0
age,0.13489308052221854,,0.019291172174429973,Stablexl1.0
race,0.07519887225522878,0.32022033060438654,,Stablexl1.0
gender,,0.4807946884430677,0.10850090829288345,Stable3.5-medium
age,0.02762853607192478,,0.07682123881703698,Stable3.5-medium
race,0.4583984288603722,0.9232329116343785,,Stable3.5-medium
gender,,0.5092817054147905,0.06544502951027369,Flux-dev
age,0.8578960828170035,,0.08920058974370516,Flux-dev
race,0.7873303747368423,0.4000779286881307,,Flux-dev
