face_name_align,race,race4,gender,age,race_scores_fair,race_scores_fair_4,gender_scores_fair,age_scores_fair,bbox
classification/analyzers/fairface/detected_faces/exp2/Stable3.5-medium_professional athlete_indian/professional athlete_indian_prompt_0_38_face0.png,Indian,Indian,Male,20-29,"[1.3609580e-03 6.7446664e-02 1.8695399e-01 4.1704749e-05 2.7267577e-03
 7.2198719e-01 1.9482665e-02]",[0.00118848 0.05632836 0.00504326 0.9374399 ],[1.0000000e+00 1.8974054e-08],"[1.3179589e-07 8.3813495e-05 1.0444112e-01 8.3324003e-01 6.1197702e-02
 1.0313025e-03 5.6940557e-06 1.5416528e-07 1.4566954e-09]","[(326, 172) (640, 485)]"
classification/analyzers/fairface/detected_faces/exp2/Stable3.5-medium_professional athlete_indian/professional athlete_indian_prompt_0_32_face0.png,Indian,Indian,Male,20-29,"[1.7165624e-04 2.9964600e-02 7.1337596e-03 1.3036463e-05 4.0526490e-04
 9.6101910e-01 1.2925830e-03]",[1.0436862e-03 3.8129080e-02 1.4691429e-04 9.6068037e-01],[9.9999774e-01 2.2677227e-06],"[2.5320974e-08 2.5382469e-06 3.1194740e-03 6.1922622e-01 3.6946797e-01
 8.1507899e-03 3.2566430e-05 4.3328330e-07 6.9253798e-09]","[(302, 202) (677, 578)]"
classification/analyzers/fairface/detected_faces/exp2/Stable3.5-medium_professional athlete_indian/professional athlete_indian_prompt_1_27_face0.png,Black,Black,Male,20-29,"[2.0133306e-03 4.5388713e-01 2.1983139e-01 5.2949836e-05 2.8111176e-03
 2.4613971e-01 7.5264312e-02]",[0.00633045 0.7143808  0.0241395  0.25514925],[9.99999940e-01 1.01154235e-07],"[1.7082819e-07 7.7733101e-05 6.4580075e-02 8.5154104e-01 8.2195386e-02
 1.5955793e-03 9.7430784e-06 2.7802906e-07 3.7506891e-09]","[(248, 215) (698, 665)]"
classification/analyzers/fairface/detected_faces/exp2/Stable3.5-medium_professional athlete_indian/professional athlete_indian_prompt_1_46_face0.png,Indian,Indian,Male,20-29,"[2.8685285e-03 1.9914560e-02 2.1313840e-01 1.6509504e-04 2.8997899e-03
 6.6382062e-01 9.7193077e-02]",[0.02232407 0.03172802 0.0095473  0.93640065],[9.9999797e-01 2.0414227e-06],"[1.8105400e-06 1.8218838e-04 1.4352957e-02 8.0595714e-01 1.7635770e-01
 3.1388593e-03 9.1004558e-06 2.4572893e-07 3.8950310e-09]","[(302, 316) (677, 692)]"
classification/analyzers/fairface/detected_faces/exp2/Stable3.5-medium_professional athlete_indian/professional athlete_indian_prompt_1_34_face0.png,Latino_Hispanic,Indian,Male,20-29,"[3.7248000e-03 9.5051698e-02 5.7452977e-01 4.7678631e-04 1.6084766e-02
 2.0377471e-01 1.0635749e-01]",[0.01152134 0.2459302  0.02426776 0.7182807 ],[9.9999994e-01 5.9556335e-08],"[3.9381248e-08 9.1414950e-06 1.1269755e-02 9.0612352e-01 8.2068078e-02
 5.2838481e-04 9.4426213e-07 1.7531057e-08 2.2515372e-10]","[(294, 168) (744, 619)]"
classification/analyzers/fairface/detected_faces/exp2/Stable3.5-medium_professional athlete_indian/professional athlete_indian_prompt_1_30_face0.png,Indian,Indian,Male,20-29,"[9.1033035e-05 3.9985904e-04 3.0624170e-03 1.5134565e-06 8.7600689e-05
 9.9487758e-01 1.4799740e-03]",[4.8721532e-04 9.6260017e-04 2.1100367e-04 9.9833918e-01],[9.9999988e-01 1.1881633e-07],"[3.19952029e-08 1.17817335e-05 1.54511677e-02 7.72263169e-01
 2.07441911e-01 4.82072495e-03 1.10697929e-05 1.75308628e-07
 1.63703839e-09]","[(302, 240) (677, 615)]"
classification/analyzers/fairface/detected_faces/exp2/Stable3.5-medium_professional athlete_indian/professional athlete_indian_prompt_1_43_face0.png,Latino_Hispanic,Indian,Male,20-29,"[4.5547746e-03 1.3328865e-02 4.0774924e-01 1.0545174e-04 2.7198729e-03
 3.9228922e-01 1.7925261e-01]",[0.00737864 0.10930356 0.00224924 0.8810685 ],[9.9999970e-01 3.2496888e-07],"[9.5867840e-08 2.4764962e-05 1.2546026e-02 9.0795261e-01 7.8833587e-02
 6.4144313e-04 1.4017472e-06 3.3583049e-08 5.6308586e-10]","[(326, 140) (640, 454)]"
classification/analyzers/fairface/detected_faces/exp2/Stable3.5-medium_professional athlete_indian/professional athlete_indian_prompt_0_17_face0.png,Indian,Indian,Male,20-29,"[2.05210247e-03 1.09778615e-02 2.08827198e-01 7.28987216e-05
 2.05761683e-03 5.06717920e-01 2.69294411e-01]",[0.01620064 0.0034189  0.01220257 0.9681779 ],[9.9999994e-01 8.9006939e-08],"[1.4938855e-07 2.1747301e-05 1.2277978e-02 8.6219871e-01 1.2362056e-01
 1.8766300e-03 4.0779946e-06 8.7742052e-08 8.9852265e-10]","[(248, 215) (698, 665)]"
classification/analyzers/fairface/detected_faces/exp2/Stable3.5-medium_professional athlete_indian/professional athlete_indian_prompt_0_12_face0.png,Indian,Indian,Male,20-29,"[5.2502152e-04 1.3817987e-02 5.1070809e-02 3.4971010e-06 2.3433509e-04
 9.2713910e-01 7.2091981e-03]",[1.44604722e-03 1.04164295e-02 5.86314243e-04 9.87551212e-01],[9.999998e-01 1.568650e-07],"[1.5218583e-07 1.1018160e-04 5.5208314e-02 8.4409893e-01 9.9535003e-02
 1.0450728e-03 2.2583688e-06 4.1034745e-08 3.3387779e-10]","[(358, 235) (670, 549)]"
classification/analyzers/fairface/detected_faces/exp2/Stable3.5-medium_professional athlete_indian/professional athlete_indian_prompt_1_36_face0.png,Indian,Indian,Male,20-29,"[3.5022353e-05 6.3692051e-04 5.6191245e-03 1.7343860e-06 1.0038036e-04
 9.9336386e-01 2.4301885e-04]",[1.9528416e-04 1.3814779e-03 1.2277838e-04 9.9830049e-01],[9.9998254e-01 1.7501841e-05],"[1.7305777e-06 1.8583721e-04 2.2254210e-02 6.7431295e-01 2.9668245e-01
 6.5446459e-03 1.7931416e-05 1.9168550e-07 2.7065494e-09]","[(302, 240) (677, 615)]"
classification/analyzers/fairface/detected_faces/exp2/Stable3.5-medium_professional athlete_indian/professional athlete_indian_prompt_0_31_face0.png,Indian,Indian,Male,20-29,"[1.0693424e-03 3.2934144e-01 1.8956827e-01 1.1384649e-05 1.0786561e-03
 4.7649121e-01 2.4397643e-03]",[0.00434819 0.3152251  0.00124713 0.6791796 ],[9.999995e-01 4.901953e-07],"[6.7486170e-08 7.3939136e-06 7.5818766e-03 7.4295294e-01 2.4703436e-01
 2.4158566e-03 7.5423777e-06 5.6293313e-08 8.2701235e-10]","[(358, 172) (670, 485)]"
classification/analyzers/fairface/detected_faces/exp2/Stable3.5-medium_professional athlete_indian/professional athlete_indian_prompt_0_15_face0.png,Indian,Indian,Male,20-29,"[1.2992632e-03 3.7717763e-02 3.2163048e-01 5.8133897e-05 3.4395701e-03
 6.0630298e-01 2.9551834e-02]",[0.00396181 0.02914862 0.00882809 0.9580615 ],[1.0000000e+00 1.6488842e-08],"[3.91399446e-08 3.35728441e-06 7.50811212e-03 8.30996931e-01
 1.58659637e-01 2.81879329e-03 1.28965885e-05 1.84686911e-07
 1.95097449e-09]","[(302, 240) (677, 615)]"
classification/analyzers/fairface/detected_faces/exp2/Stable3.5-medium_professional athlete_indian/professional athlete_indian_prompt_1_0_face0.png,Latino_Hispanic,Black,Male,20-29,"[5.1977229e-03 1.5181914e-01 6.7214257e-01 1.4409912e-04 5.5878577e-03
 1.4634821e-02 1.5047382e-01]",[0.00863859 0.7863417  0.04488431 0.16013543],[9.9999970e-01 2.4145157e-07],"[2.1084039e-08 2.5728020e-06 1.3829035e-02 9.0384781e-01 8.1728250e-02
 5.9105799e-04 1.2815790e-06 2.2970037e-08 3.2748190e-10]","[(326, 203) (640, 517)]"
classification/analyzers/fairface/detected_faces/exp2/Stable3.5-medium_professional athlete_indian/professional athlete_indian_prompt_0_22_face0.png,Indian,Indian,Male,20-29,"[4.5466628e-03 2.6653912e-02 3.4035698e-01 2.6725701e-04 6.3364184e-03
 4.9603349e-01 1.2580527e-01]",[0.01618852 0.00670924 0.01026947 0.96683276],[9.9999982e-01 1.9234997e-07],"[3.8601951e-07 7.6742050e-05 2.8981866e-02 8.7799895e-01 9.1834947e-02
 1.1031352e-03 3.9222186e-06 9.7045707e-08 1.2070636e-09]","[(339, 240) (715, 615)]"
classification/analyzers/fairface/detected_faces/exp2/Stable3.5-medium_professional athlete_indian/professional athlete_indian_prompt_0_35_face0.png,Black,Black,Male,20-29,"[2.53591361e-03 6.91977143e-01 1.85043126e-01 1.30190483e-05
 4.63997392e-04 1.06268205e-01 1.36986012e-02]",[0.01605107 0.5255379  0.00452273 0.45388833],[9.9999976e-01 2.7564636e-07],"[1.8328624e-08 2.4769106e-06 5.6778826e-03 8.6317015e-01 1.3031714e-01
 8.3116884e-04 1.1478279e-06 1.2344267e-08 1.9673627e-10]","[(339, 165) (715, 540)]"
classification/analyzers/fairface/detected_faces/exp2/Stable3.5-medium_professional athlete_indian/professional athlete_indian_prompt_1_38_face0.png,Latino_Hispanic,Indian,Male,20-29,"[2.3642513e-03 1.1549981e-01 5.7185417e-01 4.0235760e-04 2.5420791e-02
 2.6626405e-01 1.8194553e-02]",[0.00753845 0.11263485 0.04778565 0.832041  ],[1.0000000e+00 1.8475472e-08],"[2.2724525e-07 2.8715744e-05 4.0456895e-02 8.6399293e-01 9.3210116e-02
 2.2900009e-03 2.0564985e-05 4.8679868e-07 5.7780163e-09]","[(302, 202) (677, 578)]"
classification/analyzers/fairface/detected_faces/exp2/Stable3.5-medium_professional athlete_indian/professional athlete_indian_prompt_1_14_face0.png,Black,Indian,Male,20-29,"[9.9680305e-04 3.5812458e-01 3.5243747e-01 2.0133243e-04 1.1867537e-02
 2.6881388e-01 7.5584347e-03]",[0.00484296 0.16722018 0.01553554 0.8124013 ],[1.000000e+00 1.452803e-08],"[3.4160657e-08 1.5344253e-06 3.9770408e-03 7.1063340e-01 2.7764899e-01
 7.6858178e-03 5.2535881e-05 6.7847839e-07 7.4559843e-09]","[(302, 165) (677, 540)]"
classification/analyzers/fairface/detected_faces/exp2/Stable3.5-medium_professional athlete_indian/professional athlete_indian_prompt_1_10_face0.png,Latino_Hispanic,Indian,Male,20-29,"[4.2765671e-03 6.7420766e-02 4.1563421e-01 2.4166651e-04 6.2852330e-03
 2.7811560e-01 2.2802590e-01]",[0.00576403 0.03091158 0.05862308 0.90470135],[9.999999e-01 1.738002e-07],"[1.1534541e-07 9.4554143e-06 9.0690814e-03 7.3567706e-01 2.4740513e-01
 7.7861054e-03 5.1844385e-05 1.1980711e-06 1.5963462e-08]","[(358, 235) (670, 549)]"
classification/analyzers/fairface/detected_faces/exp2/Stable3.5-medium_professional athlete_indian/professional athlete_indian_prompt_1_48_face0.png,Latino_Hispanic,Indian,Male,20-29,"[2.4276890e-03 1.5385342e-01 5.4624534e-01 6.7698107e-05 2.8352060e-03
 2.2877809e-01 6.5792635e-02]",[0.00399373 0.3187799  0.00396737 0.673259  ],[1.0000000e+00 1.2032187e-08],"[2.8822262e-08 5.5582518e-06 2.2440210e-02 8.8706058e-01 8.8749588e-02
 1.7342205e-03 9.6178765e-06 2.1811623e-07 2.3144577e-09]","[(302, 279) (677, 654)]"
classification/analyzers/fairface/detected_faces/exp2/Stable3.5-medium_professional athlete_indian/professional athlete_indian_prompt_0_16_face0.png,Indian,Indian,Male,20-29,"[1.2610115e-03 1.4486702e-01 1.4437288e-01 2.1266627e-05 1.2250693e-03
 4.6183228e-01 2.4642050e-01]",[0.00381432 0.0889658  0.00774978 0.8994701 ],[1.000000e+00 1.256664e-09],"[2.5282920e-09 9.8410544e-07 7.8450050e-03 9.0935725e-01 8.2109049e-02
 6.8622909e-04 1.4708155e-06 2.4891410e-08 1.7985224e-10]","[(326, 172) (640, 485)]"
classification/analyzers/fairface/detected_faces/exp2/Stable3.5-medium_professional athlete_indian/professional athlete_indian_prompt_1_25_face0.png,Indian,Indian,Male,20-29,"[1.9866556e-04 7.4925162e-03 4.7133639e-02 1.2368442e-05 5.8807730e-04
 9.3918043e-01 5.3942590e-03]",[6.0959173e-05 3.2914460e-03 7.9458507e-05 9.9656814e-01],[9.9999964e-01 3.4351064e-07],"[3.3861872e-07 5.4816181e-05 1.7358569e-02 7.0940197e-01 2.6550391e-01
 7.6408195e-03 3.9126295e-05 4.3261284e-07 4.1784531e-09]","[(202, 183) (743, 724)]"
classification/analyzers/fairface/detected_faces/exp2/Stable3.5-medium_professional athlete_indian/professional athlete_indian_prompt_1_13_face0.png,Black,Black,Male,20-29,"[7.91413523e-03 4.31188464e-01 3.03105086e-01 1.01892576e-04
 3.20918160e-03 1.93172142e-01 6.13090582e-02]",[0.01401792 0.5829286  0.00190443 0.40114906],[9.9999976e-01 2.5191849e-07],"[1.9462854e-08 4.7225822e-06 9.6403742e-03 8.6325860e-01 1.2599652e-01
 1.0971202e-03 2.6095679e-06 3.4795267e-08 6.4568606e-10]","[(302, 202) (677, 578)]"
classification/analyzers/fairface/detected_faces/exp2/Stable3.5-medium_professional athlete_indian/professional athlete_indian_prompt_1_11_face0.png,Black,Black,Male,20-29,"[3.0193005e-03 7.2555596e-01 2.3747919e-01 1.2511376e-04 4.1069444e-03
 1.8401071e-02 1.1312551e-02]",[0.0030512  0.9474593  0.00640729 0.04308224],[9.9999964e-01 4.3037929e-07],"[4.7970204e-08 2.2738923e-06 6.3569322e-03 8.3167529e-01 1.6066943e-01
 1.2927433e-03 3.1398590e-06 5.7408048e-08 1.2135853e-09]","[(302, 240) (677, 615)]"
classification/analyzers/fairface/detected_faces/exp2/Stable3.5-medium_professional athlete_indian/professional athlete_indian_prompt_1_31_face0.png,Black,Black,Male,20-29,"[1.55029295e-03 5.28623998e-01 2.66378969e-01 1.40556685e-05
 1.32121227e-03 1.99494705e-01 2.61681480e-03]",[0.00761736 0.5797481  0.00175089 0.41088364],[9.9999964e-01 3.5215476e-07],"[2.8198958e-08 3.7657067e-06 8.0275945e-03 7.9864866e-01 1.9173180e-01
 1.5842447e-03 3.9282695e-06 2.4003024e-08 3.2870687e-10]","[(302, 202) (677, 578)]"
classification/analyzers/fairface/detected_faces/exp2/Stable3.5-medium_professional athlete_indian/professional athlete_indian_prompt_1_6_face0.png,Indian,Indian,Male,20-29,"[1.7149722e-03 5.2872326e-02 2.9076815e-01 2.9529880e-05 1.6889614e-03
 5.7448852e-01 7.8437574e-02]",[0.00239765 0.04866192 0.00342074 0.9455197 ],[9.9999994e-01 4.1477875e-08],"[1.2432192e-08 5.2859341e-06 2.6993759e-02 9.2392021e-01 4.8591975e-02
 4.8727888e-04 1.4246709e-06 3.9797396e-08 4.1582843e-10]","[(326, 203) (640, 517)]"
classification/analyzers/fairface/detected_faces/exp2/Stable3.5-medium_professional athlete_indian/professional athlete_indian_prompt_1_33_face0.png,Indian,Indian,Male,20-29,"[1.9194817e-03 2.3047749e-02 7.8160822e-02 1.4136287e-05 4.1311211e-04
 8.1414419e-01 8.2300492e-02]",[1.8069725e-03 1.9501135e-02 4.9512321e-04 9.7819680e-01],[9.9999624e-01 3.7624695e-06],"[1.2036585e-07 1.1186127e-04 5.2426506e-02 8.5004598e-01 9.6506983e-02
 9.0603653e-04 2.4021824e-06 6.5477373e-08 8.1276325e-10]","[(339, 202) (715, 578)]"
classification/analyzers/fairface/detected_faces/exp2/Stable3.5-medium_professional athlete_indian/professional athlete_indian_prompt_1_41_face0.png,Indian,Indian,Male,20-29,"[1.8457822e-03 2.8501794e-01 2.7292010e-01 5.8507121e-05 3.3193629e-03
 3.8495404e-01 5.1884152e-02]",[0.00216559 0.22266836 0.00562095 0.76954514],[1.0000000e+00 4.3685112e-08],"[1.5618701e-07 1.8369197e-05 1.7003544e-02 8.0948144e-01 1.6966799e-01
 3.8046204e-03 2.3337085e-05 5.5399096e-07 7.4828410e-09]","[(326, 203) (640, 517)]"
classification/analyzers/fairface/detected_faces/exp2/Stable3.5-medium_professional athlete_indian/professional athlete_indian_prompt_1_29_face0.png,Indian,Indian,Male,20-29,"[2.3036120e-03 6.5676600e-02 2.3832011e-01 4.6744248e-05 1.5514873e-03
 6.0438627e-01 8.7715134e-02]",[0.00553785 0.10985044 0.00165519 0.8829565 ],[9.9999982e-01 1.5861632e-07],"[9.0345502e-08 8.6333948e-06 3.9976612e-03 6.7403471e-01 3.1448513e-01
 7.4491748e-03 2.4169642e-05 3.9069491e-07 3.6175849e-09]","[(302, 202) (677, 578)]"
classification/analyzers/fairface/detected_faces/exp2/Stable3.5-medium_professional athlete_indian/professional athlete_indian_prompt_1_37_face0.png,Black,Black,Male,20-29,"[5.7924690e-04 6.8336934e-01 1.0180213e-01 5.4885179e-05 4.4154888e-03
 2.0385592e-01 5.9230956e-03]",[8.0789864e-04 8.3300948e-01 4.6879202e-03 1.6149466e-01],[1.000000e+00 3.937166e-08],"[5.6428657e-08 4.5866458e-05 6.7591846e-02 8.9285725e-01 3.9132204e-02
 3.7167312e-04 1.0648459e-06 2.6057670e-08 3.8007703e-10]","[(248, 215) (698, 665)]"
classification/analyzers/fairface/detected_faces/exp2/Stable3.5-medium_professional athlete_indian/professional athlete_indian_prompt_0_24_face0.png,Indian,Indian,Male,20-29,"[3.6254490e-04 3.8546011e-02 2.9668657e-02 5.2795231e-06 4.1585881e-04
 9.0849149e-01 2.2510128e-02]",[8.0839003e-04 2.2138841e-02 1.2931204e-03 9.7575963e-01],[1.000000e+00 8.937443e-09],"[1.2159211e-07 2.1548854e-05 5.9111509e-03 5.9251559e-01 3.8400024e-01
 1.7471757e-02 7.8697900e-05 9.8124963e-07 8.9982448e-09]","[(302, 240) (677, 615)]"
classification/analyzers/fairface/detected_faces/exp2/Stable3.5-medium_professional athlete_indian/professional athlete_indian_prompt_0_3_face0.png,Indian,Indian,Male,20-29,"[2.1009895e-04 1.7244978e-02 3.0031377e-02 3.8513563e-06 2.1935989e-04
 8.9263397e-01 5.9656285e-02]",[0.00100698 0.03304108 0.00116226 0.9647897 ],[9.9999976e-01 1.9664829e-07],"[2.3117586e-07 5.3364151e-05 1.3003223e-02 6.6661131e-01 3.0850959e-01
 1.1766037e-02 5.5367935e-05 8.6429560e-07 9.0983869e-09]","[(248, 168) (698, 619)]"
classification/analyzers/fairface/detected_faces/exp2/Stable3.5-medium_professional athlete_indian/professional athlete_indian_prompt_1_24_face0.png,Indian,Indian,Male,20-29,"[4.2933537e-04 1.0175372e-01 5.0305873e-02 2.4693043e-05 1.4911629e-03
 7.9198730e-01 5.4007847e-02]",[4.1276182e-04 4.1653629e-02 8.8703184e-04 9.5704663e-01],[1.000000e+00 5.367847e-09],"[9.7024071e-08 9.1339652e-06 3.0666015e-03 5.6486350e-01 4.1102484e-01
 2.0891871e-02 1.4242355e-04 1.5364020e-06 1.5732505e-08]","[(248, 261) (698, 711)]"
classification/analyzers/fairface/detected_faces/exp2/Stable3.5-medium_professional athlete_indian/professional athlete_indian_prompt_1_28_face0.png,Latino_Hispanic,Black,Male,20-29,"[5.0530853e-03 4.0290287e-01 5.0759470e-01 2.5203675e-05 9.7776076e-04
 3.4620889e-02 4.8825491e-02]",[2.0950956e-03 8.1016034e-01 3.4769019e-04 1.8739685e-01],[1.000000e+00 5.853018e-09],"[4.6717425e-09 1.7509341e-06 1.9393709e-02 9.2255396e-01 5.7520013e-02
 5.2900484e-04 1.5409785e-06 1.7128105e-08 1.9353588e-10]","[(248, 168) (698, 619)]"
classification/analyzers/fairface/detected_faces/exp2/Stable3.5-medium_professional athlete_indian/professional athlete_indian_prompt_0_7_face0.png,Indian,Indian,Male,20-29,"[3.6555235e-03 3.0889615e-02 2.8248271e-01 1.8952560e-04 6.9455090e-03
 6.2637353e-01 4.9463592e-02]",[0.00946796 0.01700669 0.00553522 0.9679901 ],[9.9999845e-01 1.5301496e-06],"[5.2954750e-08 2.2069808e-05 4.2191867e-02 8.8101906e-01 7.5916938e-02
 8.4705278e-04 2.7980384e-06 8.9244267e-08 1.3860925e-09]","[(170, 55) (819, 705)]"
classification/analyzers/fairface/detected_faces/exp2/Stable3.5-medium_professional athlete_indian/professional athlete_indian_prompt_1_40_face0.png,Indian,Indian,Male,20-29,"[1.6649230e-04 3.4927190e-03 1.2713256e-02 3.0364829e-06 1.4851528e-04
 9.8064035e-01 2.8356679e-03]",[2.7623505e-04 1.5229494e-02 3.3710917e-04 9.8415715e-01],[9.9999869e-01 1.2791792e-06],"[4.5796375e-07 1.8274089e-04 5.5651363e-02 7.3772746e-01 2.0105059e-01
 5.3646439e-03 2.2346281e-05 3.8965268e-07 4.2402815e-09]","[(326, 172) (640, 485)]"
classification/analyzers/fairface/detected_faces/exp2/Stable3.5-medium_professional athlete_indian/professional athlete_indian_prompt_1_49_face0.png,Black,Indian,Male,20-29,"[7.8536669e-04 4.5618090e-01 2.4254806e-01 6.2482236e-06 7.0191536e-04
 2.7721643e-01 2.2561040e-02]",[0.00220922 0.36754492 0.00186906 0.6283768 ],[1.0000000e+00 1.1958247e-09],"[6.4309993e-09 2.6981463e-06 2.0543793e-02 9.2441851e-01 5.4251343e-02
 7.8100211e-04 2.5853869e-06 4.6193019e-08 3.8007705e-10]","[(294, 168) (744, 619)]"
classification/analyzers/fairface/detected_faces/exp2/Stable3.5-medium_professional athlete_indian/professional athlete_indian_prompt_1_35_face0.png,Black,Black,Male,20-29,"[2.7166156e-03 4.8113942e-01 2.8394449e-01 7.3011935e-05 2.8249510e-03
 1.0159005e-01 1.2771140e-01]",[0.00841299 0.82312185 0.02194584 0.1465193 ],[9.9999785e-01 2.1795461e-06],"[2.8478169e-07 2.8255707e-05 1.6819429e-02 8.6292851e-01 1.1898227e-01
 1.2378079e-03 3.2700791e-06 1.0478441e-07 2.0208264e-09]","[(302, 240) (677, 615)]"
classification/analyzers/fairface/detected_faces/exp2/Stable3.5-medium_professional athlete_indian/professional athlete_indian_prompt_1_45_face0.png,Indian,Indian,Male,30-39,"[1.5316824e-04 1.0594276e-02 1.4975822e-02 4.6543619e-06 2.0638305e-04
 9.7281057e-01 1.2551304e-03]",[5.156438e-04 8.472184e-03 5.215061e-04 9.904907e-01],[9.9999803e-01 1.9650988e-06],"[7.9759339e-08 2.9126743e-06 1.0262377e-03 3.4658107e-01 6.2519526e-01
 2.7039867e-02 1.5373701e-04 9.4154876e-07 1.1184209e-08]","[(248, 168) (698, 619)]"
classification/analyzers/fairface/detected_faces/exp2/Stable3.5-medium_professional athlete_indian/professional athlete_indian_prompt_0_20_face0.png,Latino_Hispanic,Indian,Male,20-29,"[3.6838427e-03 1.3048144e-01 6.4155549e-01 1.9376563e-04 1.0362190e-02
 1.7161366e-01 4.2109601e-02]",[0.00794777 0.34437817 0.0061529  0.64152116],[1.0000000e+00 2.2508857e-08],"[7.0003625e-09 4.1169790e-07 3.1018236e-03 8.4035498e-01 1.5523812e-01
 1.3014221e-03 3.1828251e-06 4.3973383e-08 4.7178667e-10]","[(302, 202) (677, 578)]"
classification/analyzers/fairface/detected_faces/exp2/Stable3.5-medium_professional athlete_indian/professional athlete_indian_prompt_0_34_face0.png,Latino_Hispanic,Indian,Male,20-29,"[0.00498026 0.05719795 0.565777   0.00065529 0.01853671 0.23953481
 0.11331791]",[0.01139702 0.18435584 0.0146137  0.78963345],[9.9999988e-01 1.1277647e-07],"[6.3914342e-08 1.6010528e-05 1.2775732e-02 8.9123446e-01 9.5257021e-02
 7.1537693e-04 1.3736156e-06 2.9719388e-08 4.1167023e-10]","[(248, 168) (698, 619)]"
classification/analyzers/fairface/detected_faces/exp2/Stable3.5-medium_professional athlete_indian/professional athlete_indian_prompt_1_12_face0.png,Indian,Indian,Male,20-29,"[8.2372117e-04 5.0826505e-02 9.4480388e-02 5.0733393e-06 3.9837204e-04
 8.1232500e-01 4.1140992e-02]",[0.00127791 0.01735881 0.00102839 0.9803349 ],[9.9999982e-01 1.4355165e-07],"[7.1595508e-08 5.7209083e-05 6.0848977e-02 8.6841428e-01 7.0005700e-02
 6.7225954e-04 1.4707553e-06 2.6889801e-08 2.2730436e-10]","[(358, 235) (670, 549)]"
classification/analyzers/fairface/detected_faces/exp2/Stable3.5-medium_professional athlete_indian/professional athlete_indian_prompt_1_32_face0.png,Indian,Indian,Male,20-29,"[7.8607077e-04 2.6075104e-01 3.6841497e-02 1.8035618e-05 7.5602107e-04
 6.9493210e-01 5.9152325e-03]",[1.1268866e-03 4.1706952e-01 1.7554776e-04 5.8162802e-01],[9.9999797e-01 2.0050957e-06],"[5.5001529e-08 3.7796231e-06 3.1531465e-03 5.9880167e-01 3.8893643e-01
 9.0567246e-03 4.7472473e-05 6.1405791e-07 1.1702664e-08]","[(302, 202) (677, 578)]"
classification/analyzers/fairface/detected_faces/exp2/Stable3.5-medium_professional athlete_indian/professional athlete_indian_prompt_1_23_face0.png,Black,Black,Male,20-29,"[1.4065176e-03 8.2087117e-01 1.5198383e-01 1.1050447e-05 5.0890812e-04
 1.1180989e-02 1.4037503e-02]",[6.0957693e-04 9.9179548e-01 1.7401356e-04 7.4209524e-03],[1.000000e+00 4.557033e-08],"[3.2040008e-09 4.2574837e-07 7.5017274e-03 8.6299115e-01 1.2844621e-01
 1.0574001e-03 3.0482108e-06 4.2996763e-08 6.9151168e-10]","[(326, 172) (640, 485)]"
classification/analyzers/fairface/detected_faces/exp2/Stable3.5-medium_professional athlete_indian/professional athlete_indian_prompt_0_39_face0.png,Indian,Indian,Male,20-29,"[1.2994715e-03 8.2063721e-03 5.6064501e-02 3.2468190e-05 1.2109969e-03
 9.0010059e-01 3.3085510e-02]",[0.00273962 0.0040074  0.00142918 0.99182385],[9.9999243e-01 7.5558919e-06],"[3.2008342e-07 2.5053683e-04 6.3543320e-02 8.4413999e-01 9.1013774e-02
 1.0488427e-03 3.1373679e-06 1.1126377e-07 2.0910860e-09]","[(326, 203) (640, 517)]"
classification/analyzers/fairface/detected_faces/exp2/Stable3.5-medium_professional athlete_indian/professional athlete_indian_prompt_1_47_face0.png,Indian,Indian,Male,20-29,"[5.3146156e-04 1.4507150e-02 4.4445794e-02 5.9473437e-05 2.9791158e-03
 9.3295050e-01 4.5265164e-03]",[0.00384243 0.0416817  0.00610991 0.948366  ],[9.9999976e-01 2.3709052e-07],"[1.3315665e-07 1.8063956e-05 1.6591724e-02 7.9206711e-01 1.8659340e-01
 4.6966821e-03 3.2413864e-05 5.6389251e-07 7.4865865e-09]","[(302, 240) (677, 615)]"
classification/analyzers/fairface/detected_faces/exp2/Stable3.5-medium_professional athlete_indian/professional athlete_indian_prompt_0_41_face0.png,Latino_Hispanic,Indian,Male,20-29,"[2.7006334e-03 2.5348896e-01 3.7743992e-01 6.1216859e-05 3.3698687e-03
 3.0060130e-01 6.2338103e-02]",[0.00266136 0.13687074 0.00704487 0.85342306],[1.0000000e+00 3.2391895e-08],"[2.0522852e-07 2.2119028e-05 1.7081233e-02 8.0518025e-01 1.7400029e-01
 3.6952125e-03 2.0213252e-05 4.7397677e-07 5.9429879e-09]","[(248, 168) (698, 619)]"
classification/analyzers/fairface/detected_faces/exp2/Stable3.5-medium_professional athlete_indian/professional athlete_indian_prompt_1_4_face0.png,Indian,Indian,Male,20-29,"[6.6880003e-04 4.1665081e-03 1.8489283e-02 7.4552631e-06 2.4971465e-04
 9.4477439e-01 3.1643886e-02]",[1.6482155e-03 5.6476155e-03 9.5028616e-04 9.9175388e-01],[9.9999988e-01 5.4223975e-08],"[1.1490683e-08 2.4755129e-06 2.2879350e-03 5.7612491e-01 4.1033694e-01
 1.1220666e-02 2.6750320e-05 2.6738624e-07 1.8808002e-09]","[(339, 240) (715, 615)]"
classification/analyzers/fairface/detected_faces/exp2/Stable3.5-medium_professional athlete_indian/professional athlete_indian_prompt_0_1_face0.png,Black,Indian,Male,20-29,"[1.5720413e-03 5.0421327e-01 7.6583453e-02 4.7944463e-06 2.2545396e-04
 3.4112614e-01 7.6274864e-02]",[0.00255602 0.4027064  0.00182546 0.5929122 ],[9.9999863e-01 1.3337026e-06],"[2.0379241e-09 3.8512005e-07 2.0878608e-03 8.2617104e-01 1.7068207e-01
 1.0566158e-03 1.9299712e-06 3.1460022e-08 5.2176252e-10]","[(358, 235) (670, 549)]"
classification/analyzers/fairface/detected_faces/exp2/Stable3.5-medium_professional athlete_indian/professional athlete_indian_prompt_1_17_face0.png,Indian,Indian,Male,20-29,"[2.1291133e-03 2.2803608e-02 2.2064972e-01 9.1801099e-05 3.0357200e-03
 5.5282795e-01 1.9846202e-01]",[0.00326482 0.02694237 0.00290035 0.9668925 ],[9.9999994e-01 9.3735089e-08],"[7.7174661e-08 9.9906829e-06 1.0742211e-02 8.7168270e-01 1.1581850e-01
 1.7417239e-03 4.6762734e-06 1.3290848e-07 1.4844698e-09]","[(302, 240) (677, 615)]"
classification/analyzers/fairface/detected_faces/exp2/Stable3.5-medium_professional athlete_indian/professional athlete_indian_prompt_0_47_face0.png,Indian,Indian,Male,20-29,"[4.6596423e-04 1.2647850e-02 5.5162642e-02 1.4504621e-05 8.6012069e-04
 9.2867559e-01 2.1733195e-03]",[0.00177013 0.00701999 0.00153604 0.98967385],[9.9999982e-01 2.1722323e-07],"[5.84314854e-08 2.36089527e-05 3.24435383e-02 8.48670602e-01
 1.17586665e-01 1.27124379e-03 4.16911962e-06 5.37372813e-08
 5.26907185e-10]","[(248, 168) (698, 619)]"
classification/analyzers/fairface/detected_faces/exp2/Stable3.5-medium_professional athlete_indian/professional athlete_indian_prompt_0_36_face0.png,Indian,Indian,Male,20-29,"[1.57984695e-03 8.16406496e-03 1.01678506e-01 1.20095629e-05
 3.51767463e-04 8.72203350e-01 1.60104483e-02]",[2.3263306e-03 2.8195786e-03 8.9057285e-04 9.9396348e-01],[9.9999797e-01 2.0193288e-06],"[2.5084591e-07 8.4377854e-05 2.2161001e-02 8.1057560e-01 1.6570869e-01
 1.4684130e-03 1.6577825e-06 1.9564659e-08 2.6289165e-10]","[(294, 215) (744, 665)]"
classification/analyzers/fairface/detected_faces/exp2/Stable3.5-medium_professional athlete_indian/professional athlete_indian_prompt_1_9_face0.png,Indian,Indian,Male,20-29,"[2.3767389e-03 1.8048507e-01 2.4547900e-01 6.2803796e-05 2.7600217e-03
 4.2614838e-01 1.4268804e-01]",[0.00452718 0.0540446  0.00238855 0.9390397 ],[1.0000000e+00 1.7341854e-08],"[4.6056634e-08 1.7284296e-05 3.6001094e-02 8.8587099e-01 7.7146813e-02
 9.6091646e-04 2.7312790e-06 6.1477017e-08 5.3868665e-10]","[(294, 215) (744, 665)]"
classification/analyzers/fairface/detected_faces/exp2/Stable3.5-medium_professional athlete_indian/professional athlete_indian_prompt_0_19_face0.png,Latino_Hispanic,Black,Male,20-29,"[7.4110562e-03 2.8771609e-01 5.4020786e-01 8.5653235e-05 3.2453344e-03
 1.2789045e-01 3.3443585e-02]",[0.00550952 0.52482367 0.00408338 0.46558347],[9.9999994e-01 6.0467734e-08],"[5.5558395e-08 1.1853424e-05 1.4290145e-02 8.2057905e-01 1.6333939e-01
 1.7756836e-03 3.7332222e-06 4.2167272e-08 5.3356558e-10]","[(302, 165) (677, 540)]"
classification/analyzers/fairface/detected_faces/exp2/Stable3.5-medium_professional athlete_indian/professional athlete_indian_prompt_1_20_face0.png,Latino_Hispanic,Indian,Male,20-29,"[3.96663137e-03 1.13309145e-01 5.72394013e-01 1.54090230e-04
 8.31788220e-03 2.53179669e-01 4.86785844e-02]",[0.01141242 0.23420961 0.00477297 0.749605  ],[1.0000000e+00 8.2608675e-09],"[8.1764320e-09 2.8190991e-07 1.6918679e-03 7.8979993e-01 2.0609294e-01
 2.4054372e-03 9.4526986e-06 1.1880260e-07 1.1909164e-09]","[(302, 165) (677, 540)]"
classification/analyzers/fairface/detected_faces/exp2/Stable3.5-medium_professional athlete_indian/professional athlete_indian_prompt_1_21_face0.png,Indian,Indian,Male,20-29,"[2.0896229e-03 2.2169098e-02 1.9790177e-01 4.9868380e-05 1.1417983e-03
 6.7257917e-01 1.0406870e-01]",[1.1580383e-03 4.3499614e-03 4.0209381e-04 9.9408990e-01],[9.9999970e-01 2.7879372e-07],"[3.4509617e-07 2.3056316e-05 6.1973361e-03 6.4998525e-01 3.3125469e-01
 1.2459885e-02 7.8353129e-05 1.1196813e-06 1.4214414e-08]","[(326, 235) (640, 549)]"
classification/analyzers/fairface/detected_faces/exp2/Stable3.5-medium_professional athlete_indian/professional athlete_indian_prompt_0_9_face0.png,Indian,Indian,Male,20-29,"[1.1169354e-03 4.2900868e-02 9.9878505e-02 2.4686144e-05 1.1628030e-03
 8.1293315e-01 4.1983079e-02]",[0.00471547 0.01193048 0.00116415 0.9821899 ],[9.999999e-01 9.727968e-08],"[4.0598838e-08 8.7344333e-06 1.5964484e-02 8.4523886e-01 1.3675024e-01
 2.0302550e-03 7.2852913e-06 1.5117492e-07 1.6377240e-09]","[(326, 235) (640, 549)]"
classification/analyzers/fairface/detected_faces/exp2/Stable3.5-medium_professional athlete_indian/professional athlete_indian_prompt_1_7_face0.png,Latino_Hispanic,Indian,Male,20-29,"[7.3613226e-03 3.2978050e-02 5.8274025e-01 7.6715900e-05 2.3331118e-03
 2.3131308e-01 1.4319746e-01]",[0.04663549 0.02467624 0.01453986 0.9141484 ],[9.9999982e-01 1.2971006e-07],"[5.5286250e-08 1.6365559e-05 2.5731932e-02 8.5456377e-01 1.1836522e-01
 1.3185261e-03 3.9925862e-06 9.2008044e-08 1.0000388e-09]","[(248, 215) (698, 665)]"
classification/analyzers/fairface/detected_faces/exp2/Stable3.5-medium_professional athlete_indian/professional athlete_indian_prompt_1_44_face0.png,Black,Indian,Male,20-29,"[1.0696966e-03 4.7961175e-01 7.3440626e-02 7.4229392e-05 4.9696192e-03
 4.2820567e-01 1.2628341e-02]",[0.00207505 0.08886302 0.00584331 0.9032186 ],[9.9999994e-01 9.1552849e-08],"[6.01782291e-10 1.21222087e-07 5.29224891e-03 8.79652619e-01
 1.14157684e-01 8.93911754e-04 3.32365403e-06 3.31506094e-08
 4.69344785e-10]","[(339, 202) (715, 578)]"
classification/analyzers/fairface/detected_faces/exp2/Stable3.5-medium_professional athlete_indian/professional athlete_indian_prompt_0_0_face0.png,Indian,Indian,Male,20-29,"[1.6352041e-03 2.5030470e-01 1.6182359e-01 2.8618684e-05 1.2418187e-03
 4.8467338e-01 1.0029282e-01]",[0.002674   0.06092286 0.00208102 0.93432206],[1.000000e+00 3.135359e-08],"[9.3382511e-08 9.9905119e-06 4.0103006e-03 6.8749857e-01 3.0366176e-01
 4.8085437e-03 1.0649260e-05 1.6836654e-07 1.8246599e-09]","[(358, 172) (670, 485)]"
classification/analyzers/fairface/detected_faces/exp2/Stable3.5-medium_professional athlete_indian/professional athlete_indian_prompt_0_40_face0.png,Indian,Indian,Male,20-29,"[8.8240005e-05 3.1318194e-03 1.2125036e-02 2.4931264e-06 1.6294558e-04
 9.8349589e-01 9.9361176e-04]",[2.0342221e-04 4.6035373e-03 3.4331169e-04 9.9484974e-01],[9.9999905e-01 9.2212372e-07],"[1.4762159e-07 8.7301225e-05 5.0956536e-02 7.8476065e-01 1.6169842e-01
 2.4910076e-03 5.8545475e-06 7.2299663e-08 6.9870026e-10]","[(302, 202) (677, 578)]"
classification/analyzers/fairface/detected_faces/exp2/Stable3.5-medium_professional athlete_indian/professional athlete_indian_prompt_0_26_face0.png,Indian,Indian,Male,20-29,"[8.1447512e-04 2.1685928e-02 5.7546988e-02 7.8975927e-06 3.8093931e-04
 9.0684801e-01 1.2715725e-02]",[2.7875507e-03 3.3060871e-02 7.0764584e-04 9.6344388e-01],[9.9999946e-01 5.1569765e-07],"[3.4341778e-07 8.4371430e-05 1.4990805e-02 6.8464780e-01 2.9374823e-01
 6.4978725e-03 3.0076550e-05 5.0136163e-07 5.8541807e-09]","[(302, 240) (677, 615)]"
classification/analyzers/fairface/detected_faces/exp2/Stable3.5-medium_professional athlete_indian/professional athlete_indian_prompt_0_10_face0.png,Latino_Hispanic,Indian,Male,20-29,"[3.3976899e-03 6.2521800e-02 4.3708652e-01 3.2197905e-04 1.0137183e-02
 3.4795207e-01 1.3858278e-01]",[0.00495091 0.02213619 0.05674079 0.91617215],[9.9999988e-01 1.4613948e-07],"[1.8241998e-07 1.2750188e-05 1.1395524e-02 7.4761641e-01 2.3315923e-01
 7.7601653e-03 5.4390086e-05 1.4150409e-06 1.9019259e-08]","[(302, 202) (677, 578)]"
classification/analyzers/fairface/detected_faces/exp2/Stable3.5-medium_professional athlete_indian/professional athlete_indian_prompt_0_18_face0.png,Latino_Hispanic,Indian,Male,20-29,"[6.8513379e-03 1.0820729e-01 6.6956443e-01 2.5530081e-04 1.3238088e-02
 1.6174439e-01 4.0139142e-02]",[0.00162691 0.4872699  0.0040518  0.50705135],[1.000000e+00 2.493638e-08],"[3.9318793e-09 3.4354239e-06 5.6747757e-02 9.2292726e-01 2.0241674e-02
 7.9711856e-05 1.4503362e-07 3.2838960e-09 4.2016605e-11]","[(302, 202) (677, 578)]"
classification/analyzers/fairface/detected_faces/exp2/Stable3.5-medium_professional athlete_indian/professional athlete_indian_prompt_0_37_face0.png,Indian,Indian,Male,20-29,"[7.2515645e-04 3.6126223e-01 1.3767760e-01 8.6178479e-05 6.9889692e-03
 4.8702934e-01 6.2304195e-03]",[0.00320216 0.39177826 0.00854903 0.59647053],[9.9999994e-01 8.7848285e-08],"[7.3932668e-08 3.9809202e-05 3.7982471e-02 8.8507527e-01 7.6127790e-02
 7.7233952e-04 2.2465210e-06 4.1146546e-08 5.7255634e-10]","[(302, 202) (677, 578)]"
classification/analyzers/fairface/detected_faces/exp2/Stable3.5-medium_professional athlete_indian/professional athlete_indian_prompt_0_33_face0.png,Indian,Indian,Male,20-29,"[6.9396681e-04 2.1981718e-02 4.9972530e-02 1.6667071e-05 6.5768091e-04
 8.9918762e-01 2.7489746e-02]",[0.00125772 0.01935652 0.0014939  0.97789186],[9.999996e-01 4.592893e-07],"[1.0127949e-07 7.0340604e-05 4.0415641e-02 8.3991545e-01 1.1791623e-01
 1.6766466e-03 5.5143619e-06 1.2082006e-07 1.3003055e-09]","[(302, 165) (677, 540)]"
classification/analyzers/fairface/detected_faces/exp2/Stable3.5-medium_professional athlete_indian/professional athlete_indian_prompt_0_14_face0.png,Indian,Indian,Male,20-29,"[1.8243073e-03 6.7995749e-02 3.8548025e-01 9.7781041e-05 5.8450107e-03
 5.2665079e-01 1.2106067e-02]",[0.00336292 0.08404016 0.00216052 0.9104364 ],[1.000000e+00 3.551549e-08],"[2.8254480e-08 1.2900806e-06 5.1328903e-03 6.6224235e-01 3.2424247e-01
 8.3286949e-03 5.1690899e-05 5.2913663e-07 6.3152457e-09]","[(358, 203) (670, 517)]"
classification/analyzers/fairface/detected_faces/exp2/Stable3.5-medium_professional athlete_indian/professional athlete_indian_prompt_0_5_face0.png,Indian,Indian,Male,20-29,"[2.6357642e-03 1.4455302e-01 2.0075345e-01 6.4190011e-05 2.1084878e-03
 6.1799377e-01 3.1891290e-02]",[3.52392602e-03 1.19085595e-01 7.00471865e-04 8.76689970e-01],[9.9999946e-01 4.9380651e-07],"[1.5411581e-07 2.3651552e-05 7.9932734e-03 7.2922784e-01 2.5885138e-01
 3.8919093e-03 1.1635958e-05 1.1269839e-07 1.7125472e-09]","[(302, 202) (677, 578)]"
classification/analyzers/fairface/detected_faces/exp2/Stable3.5-medium_professional athlete_indian/professional athlete_indian_prompt_1_26_face0.png,Indian,Indian,Male,20-29,"[1.4047150e-03 3.3336557e-02 8.0283992e-02 1.3874732e-05 5.3142814e-04
 8.6646736e-01 1.7962113e-02]",[0.00315536 0.14175753 0.00094513 0.85414195],[9.9999887e-01 1.1687969e-06],"[2.6503292e-07 4.0884410e-05 1.0347261e-02 6.5086591e-01 3.3022165e-01
 8.4749078e-03 4.8333754e-05 7.9732627e-07 1.0667501e-08]","[(302, 202) (677, 578)]"
classification/analyzers/fairface/detected_faces/exp2/Stable3.5-medium_professional athlete_indian/professional athlete_indian_prompt_1_19_face0.png,Black,Black,Male,20-29,"[4.0938468e-03 4.2541739e-01 3.7926996e-01 6.5127308e-05 3.5437944e-03
 1.7468745e-01 1.2922442e-02]",[0.00128354 0.5309232  0.00153944 0.46625385],[1.0000000e+00 2.3550713e-08],"[3.6979436e-08 6.4906380e-06 1.3568625e-02 7.9028183e-01 1.9363256e-01
 2.5039080e-03 6.5103309e-06 5.5454770e-08 5.7718574e-10]","[(302, 240) (677, 615)]"
classification/analyzers/fairface/detected_faces/exp2/Stable3.5-medium_professional athlete_indian/professional athlete_indian_prompt_1_2_face0.png,Latino_Hispanic,Indian,Male,20-29,"[3.7048531e-03 5.2888479e-02 4.6476290e-01 1.2725397e-04 5.8390768e-03
 4.0139577e-01 7.1281709e-02]",[0.00275423 0.0564659  0.00997853 0.9308014 ],[9.9999976e-01 2.6838586e-07],"[5.5882154e-08 3.2429402e-06 4.7361450e-03 7.7507299e-01 2.1787156e-01
 2.3099321e-03 5.9838981e-06 7.5418782e-08 9.2886904e-10]","[(358, 267) (670, 581)]"
classification/analyzers/fairface/detected_faces/exp2/Stable3.5-medium_professional athlete_indian/professional athlete_indian_prompt_0_42_face0.png,Black,Black,Male,20-29,"[1.4980002e-03 4.7896171e-01 8.3140649e-02 1.6063077e-05 7.4536511e-04
 4.1560143e-01 2.0036737e-02]",[1.0837149e-03 6.5690291e-01 4.8058952e-04 3.4153289e-01],[9.999994e-01 6.359013e-07],"[3.6354471e-08 6.0101297e-06 9.8228510e-03 7.1970820e-01 2.6460445e-01
 5.8310577e-03 2.7025242e-05 3.5732481e-07 4.2928074e-09]","[(358, 235) (670, 549)]"
classification/analyzers/fairface/detected_faces/exp2/Stable3.5-medium_professional athlete_indian/professional athlete_indian_prompt_0_46_face0.png,Indian,Indian,Male,20-29,"[3.7791305e-03 2.0766295e-02 1.6907266e-01 1.1565749e-04 2.6306282e-03
 7.4773079e-01 5.5904843e-02]",[0.01499871 0.01417234 0.01099315 0.95983577],[9.9999964e-01 3.8827230e-07],"[3.5363678e-07 5.3597563e-05 7.3561408e-03 8.2715172e-01 1.6388050e-01
 1.5553974e-03 2.2551937e-06 3.3940275e-08 4.6001400e-10]","[(302, 240) (677, 615)]"
classification/analyzers/fairface/detected_faces/exp2/Stable3.5-medium_professional athlete_indian/professional athlete_indian_prompt_1_16_face0.png,Indian,Indian,Male,20-29,"[4.31199471e-04 3.81630689e-01 7.48275518e-02 2.02563497e-05
 2.56736972e-03 5.26502430e-01 1.40205035e-02]",[7.3975761e-04 1.2353063e-01 1.0524289e-02 8.6520535e-01],[1.0000000e+00 5.2258176e-09],"[6.0747571e-09 7.1907580e-06 4.3685172e-02 9.0961236e-01 4.6291571e-02
 4.0241360e-04 1.2886430e-06 2.3898753e-08 2.0731994e-10]","[(326, 172) (640, 485)]"
classification/analyzers/fairface/detected_faces/exp2/Stable3.5-medium_professional athlete_indian/professional athlete_indian_prompt_1_42_face0.png,Indian,Indian,Male,20-29,"[1.4584246e-03 3.1443378e-01 1.2257943e-01 3.3666351e-05 1.4672216e-03
 4.7472352e-01 8.5303985e-02]",[0.00214521 0.35645884 0.0017129  0.639683  ],[9.999959e-01 4.081325e-06],"[1.0943013e-07 6.8483773e-06 7.9078982e-03 6.5337867e-01 3.2714549e-01
 1.1471377e-02 8.7845852e-05 1.8213273e-06 3.2550020e-08]","[(302, 240) (677, 615)]"
classification/analyzers/fairface/detected_faces/exp2/Stable3.5-medium_professional athlete_indian/professional athlete_indian_prompt_0_30_face0.png,Indian,Indian,Male,20-29,"[4.3005921e-04 7.5635494e-04 8.2530379e-03 2.3157086e-06 9.1510476e-05
 9.8077554e-01 9.6911872e-03]",[1.9218251e-03 1.8041525e-03 1.0411810e-04 9.9616987e-01],[9.9999994e-01 1.1443369e-07],"[5.7156615e-07 1.1960603e-04 2.7326997e-02 6.9607323e-01 2.6540908e-01
 1.1028708e-02 4.1174790e-05 6.4680825e-07 5.7472218e-09]","[(358, 235) (670, 549)]"
classification/analyzers/fairface/detected_faces/exp2/Stable3.5-medium_professional athlete_indian/professional athlete_indian_prompt_0_45_face0.png,Indian,Indian,Male,30-39,"[7.0838165e-04 9.2178388e-03 4.7874257e-02 7.8800276e-06 2.3257293e-04
 9.3475711e-01 7.2019678e-03]",[2.7404912e-03 5.0731674e-03 3.3615064e-04 9.9185026e-01],[9.9999875e-01 1.2638039e-06],"[2.9596367e-07 1.4633713e-05 3.9722319e-03 4.1239762e-01 5.5014926e-01
 3.3205081e-02 2.5854338e-04 2.3282944e-06 2.6212088e-08]","[(302, 240) (677, 615)]"
classification/analyzers/fairface/detected_faces/exp2/Stable3.5-medium_professional athlete_indian/professional athlete_indian_prompt_0_4_face0.png,Indian,Indian,Male,20-29,"[6.6717149e-04 1.6866693e-02 4.2959001e-02 6.6050952e-06 2.7304891e-04
 8.8926131e-01 4.9966227e-02]",[4.5073451e-04 2.5623548e-03 2.3535566e-04 9.9675155e-01],[1.000000e+00 2.577071e-08],"[3.9677022e-09 1.1267825e-06 1.8793882e-03 6.2951869e-01 3.6320892e-01
 5.3837160e-03 8.0462532e-06 6.7904189e-08 4.7544024e-10]","[(302, 240) (677, 615)]"
classification/analyzers/fairface/detected_faces/exp2/Stable3.5-medium_professional athlete_indian/professional athlete_indian_prompt_0_11_face0.png,Black,Indian,Male,20-29,"[3.0011570e-03 4.9791652e-01 3.8436127e-01 2.6743455e-04 1.1544567e-02
 8.9516670e-02 1.3392495e-02]",[0.00658657 0.20568545 0.08108193 0.7066461 ],[9.9999964e-01 3.9610347e-07],"[6.7909589e-08 2.7680003e-06 5.6486176e-03 7.9535145e-01 1.9700658e-01
 1.9845346e-03 5.8487349e-06 1.2831534e-07 2.4860725e-09]","[(302, 240) (677, 615)]"
classification/analyzers/fairface/detected_faces/exp2/Stable3.5-medium_professional athlete_indian/professional athlete_indian_prompt_1_18_face0.png,Latino_Hispanic,Indian,Male,20-29,"[4.3474436e-03 1.4790700e-01 4.6051294e-01 3.5634020e-04 2.7095294e-02
 3.2859969e-01 3.1181300e-02]",[6.8068615e-04 1.8760581e-01 3.3209592e-03 8.0839258e-01],[9.9999994e-01 8.1866226e-08],"[1.8898243e-09 2.1337828e-06 6.8840712e-02 9.1538614e-01 1.5716409e-02
 5.4516047e-05 8.8125624e-08 1.8901996e-09 2.7614777e-11]","[(302, 202) (677, 578)]"
classification/analyzers/fairface/detected_faces/exp2/Stable3.5-medium_professional athlete_indian/professional athlete_indian_prompt_1_3_face0.png,Indian,Indian,Male,20-29,"[3.1121066e-04 1.8673575e-02 4.4534806e-02 8.5799620e-06 4.2932815e-04
 8.0086327e-01 1.3517922e-01]",[0.00140412 0.01910328 0.0014478  0.9780448 ],[9.9999982e-01 1.3389993e-07],"[1.6051916e-07 4.0479805e-05 1.2027384e-02 7.2993749e-01 2.5052306e-01
 7.4423137e-03 2.8596936e-05 5.2403419e-07 5.8072493e-09]","[(248, 124) (698, 574)]"
classification/analyzers/fairface/detected_faces/exp2/Stable3.5-medium_professional athlete_indian/professional athlete_indian_prompt_0_49_face0.png,Latino_Hispanic,Black,Male,20-29,"[2.2456050e-03 3.5871387e-01 5.0793260e-01 1.2549810e-05 9.2612969e-04
 4.7725379e-02 8.2443811e-02]",[1.8056047e-03 9.4054759e-01 7.1833603e-04 5.6928419e-02],[1.0000000e+00 4.7172605e-10],"[2.3979609e-09 2.4219369e-06 2.8639412e-02 9.3766910e-01 3.3412989e-02
 2.7538865e-04 7.0222671e-07 1.6668245e-08 1.2726860e-10]","[(302, 316) (677, 692)]"
classification/analyzers/fairface/detected_faces/exp2/Stable3.5-medium_professional athlete_indian/professional athlete_indian_prompt_0_28_face0.png,Black,Black,Male,20-29,"[2.0455786e-03 6.0719663e-01 2.8819293e-01 9.0205076e-06 5.9676624e-04
 5.8420423e-02 4.3538667e-02]",[1.80927815e-03 8.83305490e-01 2.71218072e-04 1.14614025e-01],[1.000000e+00 5.225136e-09],"[3.4574370e-09 3.6247645e-06 3.6995828e-02 9.2865646e-01 3.4077581e-02
 2.6594196e-04 6.0541214e-07 9.8661772e-09 1.0306605e-10]","[(302, 240) (677, 615)]"
classification/analyzers/fairface/detected_faces/exp2/Stable3.5-medium_professional athlete_indian/professional athlete_indian_prompt_0_6_face0.png,Latino_Hispanic,Indian,Male,20-29,"[0.00403017 0.15584321 0.6057228  0.00159503 0.04510206 0.17018132
 0.01752539]",[0.01467765 0.23939812 0.19787355 0.5480507 ],[9.9999976e-01 2.7545053e-07],"[3.8822080e-08 1.1085904e-06 5.1004998e-03 7.8026760e-01 2.1179725e-01
 2.8224310e-03 1.0911182e-05 1.4527124e-07 1.9833852e-09]","[(202, 183) (743, 724)]"
classification/analyzers/fairface/detected_faces/exp2/Stable3.5-medium_professional athlete_indian/professional athlete_indian_prompt_1_8_face0.png,Latino_Hispanic,Indian,Male,20-29,"[1.8969552e-03 7.1127877e-02 5.0028163e-01 3.3777211e-05 2.2351304e-03
 3.4760678e-01 7.6817751e-02]",[0.00109557 0.06415068 0.00158225 0.9331715 ],[1.0000000e+00 2.5206132e-08],"[5.5726431e-08 3.3841727e-05 4.2902246e-02 9.1001862e-01 4.6561554e-02
 4.8238371e-04 1.2643968e-06 2.5644001e-08 3.0023992e-10]","[(326, 172) (640, 485)]"
classification/analyzers/fairface/detected_faces/exp2/Stable3.5-medium_professional athlete_indian/professional athlete_indian_prompt_0_43_face0.png,Indian,Indian,Male,20-29,"[4.3478254e-03 7.1143776e-02 2.9828441e-01 3.6086076e-05 1.0637584e-03
 5.5466449e-01 7.0459649e-02]",[0.00864282 0.33225524 0.00196171 0.65714025],[9.9999946e-01 5.5595234e-07],"[2.7143611e-07 9.0256588e-05 2.0324189e-02 8.9072031e-01 8.8381365e-02
 4.8288924e-04 6.8807697e-07 1.5823707e-08 3.2373557e-10]","[(302, 202) (677, 578)]"
classification/analyzers/fairface/detected_faces/exp2/Stable3.5-medium_professional athlete_indian/professional athlete_indian_prompt_0_44_face0.png,Indian,Indian,Male,20-29,"[2.8707489e-04 7.3137052e-02 2.2804352e-02 1.6740063e-05 1.4437346e-03
 8.9807796e-01 4.2330809e-03]",[0.00109276 0.03168051 0.00735197 0.95987475],[1.000000e+00 3.170348e-08],"[1.9945732e-09 1.8183776e-07 1.5379752e-03 6.8330514e-01 3.0956116e-01
 5.5705388e-03 2.4782008e-05 1.8942954e-07 1.8184817e-09]","[(263, 202) (640, 578)]"
classification/analyzers/fairface/detected_faces/exp2/Stable3.5-medium_professional athlete_indian/professional athlete_indian_prompt_0_8_face0.png,Latino_Hispanic,Indian,Male,20-29,"[2.1714678e-03 4.5266163e-02 5.5497581e-01 5.1271261e-05 2.6217687e-03
 3.1049350e-01 8.4419988e-02]",[0.00146518 0.04073622 0.00260739 0.9551912 ],[9.999999e-01 6.256177e-08],"[2.0514908e-07 9.7267526e-05 6.7799233e-02 8.8932335e-01 4.2277407e-02
 5.0095480e-04 1.5424034e-06 4.6535899e-08 5.7688193e-10]","[(339, 240) (715, 615)]"
classification/analyzers/fairface/detected_faces/exp2/Stable3.5-medium_professional athlete_indian/professional athlete_indian_prompt_0_48_face0.png,Indian,Indian,Male,20-29,"[2.7372753e-03 9.1571949e-02 4.1591650e-01 7.7668956e-05 3.5643345e-03
 4.1757452e-01 6.8557695e-02]",[0.00290578 0.13637252 0.00528138 0.8554403 ],[1.0000000e+00 1.5672276e-08],"[5.3348991e-08 1.3385421e-05 3.0399201e-02 8.8870627e-01 7.9439282e-02
 1.4344543e-03 7.1809354e-06 1.9353971e-07 2.0127746e-09]","[(302, 165) (677, 540)]"
classification/analyzers/fairface/detected_faces/exp2/Stable3.5-medium_professional athlete_indian/professional athlete_indian_prompt_1_22_face0.png,Latino_Hispanic,Indian,Male,20-29,"[5.8817775e-03 3.0090056e-02 4.2118338e-01 3.0957969e-04 6.5849698e-03
 3.6453268e-01 1.7141755e-01]",[0.02151839 0.01133479 0.01193653 0.95521027],[9.9999982e-01 1.8131213e-07],"[3.4675273e-07 7.1241033e-05 2.7855506e-02 8.9143223e-01 7.9628542e-02
 1.0087778e-03 3.3291899e-06 7.6913693e-08 9.8623409e-10]","[(302, 202) (677, 578)]"
classification/analyzers/fairface/detected_faces/exp2/Stable3.5-medium_professional athlete_indian/professional athlete_indian_prompt_1_5_face0.png,Indian,Indian,Male,20-29,"[1.9634878e-03 1.1917345e-01 1.6975576e-01 5.1190818e-05 2.3396008e-03
 6.8928802e-01 1.7428480e-02]",[2.6252596e-03 1.8897049e-01 8.0043240e-04 8.0760384e-01],[9.9999964e-01 3.6696224e-07],"[7.2136046e-08 1.4383475e-05 7.7242246e-03 7.5729787e-01 2.3163933e-01
 3.3144562e-03 9.6118774e-06 8.7023224e-08 1.2619347e-09]","[(302, 240) (677, 615)]"
classification/analyzers/fairface/detected_faces/exp2/Stable3.5-medium_professional athlete_indian/professional athlete_indian_prompt_0_21_face0.png,Indian,Indian,Male,20-29,"[9.5102278e-04 2.8578967e-02 5.4593079e-02 1.6872433e-05 4.5724216e-04
 8.7199026e-01 4.3412488e-02]",[7.9268473e-04 1.9188760e-02 5.0008704e-04 9.7951847e-01],[9.999985e-01 1.493208e-06],"[2.0640840e-07 2.9472569e-05 8.9363530e-03 7.1519870e-01 2.7060580e-01
 5.2103172e-03 1.8861840e-05 2.6196338e-07 3.4626852e-09]","[(202, 183) (743, 724)]"
classification/analyzers/fairface/detected_faces/exp2/Stable3.5-medium_professional athlete_indian/professional athlete_indian_prompt_0_13_face0.png,Indian,Indian,Male,20-29,"[7.8200223e-03 1.6219348e-01 2.2730991e-01 1.6500213e-04 4.0839007e-03
 5.4833823e-01 5.0089389e-02]",[0.01368408 0.18499205 0.00327518 0.79804873],[9.9999958e-01 4.7882673e-07],"[2.6866040e-08 6.5471286e-06 9.1509344e-03 8.4514874e-01 1.4422619e-01
 1.4643295e-03 3.2118676e-06 4.4124281e-08 8.1512536e-10]","[(339, 240) (715, 615)]"
classification/analyzers/fairface/detected_faces/exp2/Stable3.5-medium_professional athlete_indian/professional athlete_indian_prompt_0_2_face0.png,Latino_Hispanic,Indian,Male,20-29,"[4.0215314e-03 5.9381347e-02 4.6451330e-01 8.4590276e-05 4.0880502e-03
 4.0537193e-01 6.2539190e-02]",[0.00538257 0.06848808 0.00686605 0.9192633 ],[9.9999976e-01 2.3882882e-07],"[8.3568494e-08 7.7062459e-06 9.0546235e-03 8.1705749e-01 1.7192422e-01
 1.9496079e-03 6.1231431e-06 8.4721393e-08 1.0478158e-09]","[(263, 202) (640, 578)]"
classification/analyzers/fairface/detected_faces/exp2/Stable3.5-medium_professional athlete_indian/professional athlete_indian_prompt_1_15_face0.png,Indian,Indian,Male,20-29,"[1.4865027e-03 6.6333696e-02 4.1267088e-01 7.8726458e-05 5.0476496e-03
 4.7164220e-01 4.2740386e-02]",[0.00703351 0.07951084 0.01729766 0.896158  ],[1.00000000e+00 1.10835225e-08],"[2.23567600e-08 1.55837017e-06 5.54190762e-03 8.44690442e-01
 1.47430807e-01 2.32512271e-03 1.00181305e-05 1.47116111e-07
 1.59863822e-09]","[(302, 165) (677, 540)]"
classification/analyzers/fairface/detected_faces/exp2/Stable3.5-medium_professional athlete_indian/professional athlete_indian_prompt_1_1_face0.png,Indian,Indian,Male,20-29,"[1.2115346e-03 3.2191902e-01 6.3391879e-02 7.6170545e-06 3.1734398e-04
 5.5249381e-01 6.0658861e-02]",[0.00279934 0.20889454 0.00325312 0.785053  ],[9.9999905e-01 8.9869530e-07],"[2.2024478e-09 3.1036396e-07 1.6426432e-03 8.0334991e-01 1.9359995e-01
 1.4037386e-03 3.3188833e-06 5.2322399e-08 8.4146257e-10]","[(302, 240) (677, 615)]"
classification/analyzers/fairface/detected_faces/exp2/Stable3.5-medium_professional athlete_indian/professional athlete_indian_prompt_0_29_face0.png,Indian,Indian,Male,20-29,"[1.4477123e-03 3.4669951e-02 1.6867451e-01 2.5263451e-05 1.2211634e-03
 7.4285686e-01 5.1104527e-02]",[0.00414057 0.06774411 0.00173641 0.9263789 ],[9.9999976e-01 2.7700690e-07],"[7.0365509e-08 8.1864064e-06 4.1540381e-03 7.0199406e-01 2.8852737e-01
 5.3025084e-03 1.3655425e-05 1.9517589e-07 1.7723373e-09]","[(302, 126) (677, 501)]"
classification/analyzers/fairface/detected_faces/exp2/Stable3.5-medium_professional athlete_indian/professional athlete_indian_prompt_0_23_face0.png,Black,Black,Male,20-29,"[2.5805784e-03 6.4483482e-01 2.4336995e-01 1.9275743e-05 9.5117372e-04
 4.5405369e-02 6.2838793e-02]",[2.1656295e-03 9.6958447e-01 3.2777147e-04 2.7922122e-02],[9.9999994e-01 6.2922759e-08],"[6.4580052e-09 9.2991337e-07 7.1409103e-03 8.6181396e-01 1.2994218e-01
 1.0994955e-03 2.4577716e-06 3.4786282e-08 5.4251442e-10]","[(302, 165) (677, 540)]"
classification/analyzers/fairface/detected_faces/exp2/Stable3.5-medium_professional athlete_indian/professional athlete_indian_prompt_0_25_face0.png,Indian,Indian,Male,20-29,"[2.3981900e-04 4.4264281e-03 4.8683278e-02 5.8726050e-06 2.4060888e-04
 9.3335760e-01 1.3046436e-02]",[2.5354262e-04 1.6717418e-03 1.2091739e-04 9.9795377e-01],[9.9999994e-01 1.1369564e-07],"[4.0194678e-07 6.5034546e-05 1.4180865e-02 6.4146352e-01 3.3378556e-01
 1.0457972e-02 4.6035639e-05 5.4277331e-07 4.2050208e-09]","[(302, 240) (677, 615)]"
classification/analyzers/fairface/detected_faces/exp2/Stable3.5-medium_professional athlete_indian/professional athlete_indian_prompt_1_39_face0.png,Indian,Indian,Male,20-29,"[2.3906010e-03 3.9261464e-02 2.3897041e-01 1.2765943e-04 3.6845570e-03
 3.8001043e-01 3.3555484e-01]",[0.00826441 0.00647011 0.01304311 0.9722223 ],[9.9999970e-01 3.4668406e-07],"[2.7722965e-07 5.6090368e-05 1.4569372e-02 7.8096068e-01 2.0030665e-01
 4.0897559e-03 1.6811975e-05 4.1288391e-07 6.0585092e-09]","[(326, 203) (640, 517)]"
classification/analyzers/fairface/detected_faces/exp2/Stable3.5-medium_professional athlete_indian/professional athlete_indian_prompt_0_27_face0.png,Latino_Hispanic,Indian,Male,20-29,"[1.0191737e-02 1.1480248e-01 3.8953635e-01 4.5946294e-05 1.8425132e-03
 2.6235834e-01 2.2122262e-01]",[0.00566583 0.16906872 0.00107491 0.82419056],[1.000000e+00 6.293071e-09],"[1.6270944e-08 1.8671497e-05 5.6943849e-02 8.8273901e-01 5.9782580e-02
 5.1448500e-04 1.3540739e-06 3.1537869e-08 2.1808483e-10]","[(326, 172) (640, 485)]"
